,ID,User_ID,Batch_ID,Sample_ID,Measurement_Date-Time,Isc_(A),Voc_(V),Imp_(A),Vmp_(V),Pmp_(W),FF_(percent),Efficiency_(percent),Rsh_(ohm),Rs_(ohm),Jsc_(A/cm2),Voc_(V/cell),Jmp_(A/cm2),Vmp_(V/cell),Pmp_(W/cm2),Cell_Efficiency_(percent),Rsh_(ohm-cm2),Rs_(ohm-cm2),ILoad_(A),VLoad_(V),FFLoad_(percent),PLoad_(W),EffLoad_(percent),RsLoad_(ohm),JLoad_(A/cm2),VLoad_(V/cell),PLoad_(W/cm2),Cell_EffLoad_(percent),RsLoad_(ohm-cm2),Rs_Modulation_(ohm-cm2),Measured_Temperature_(C),Total_Test_Time_(s),pJmp_(A/cm2),pVmp_(V/cell),pPmp_(W/cm2),pFF_(percent),pEfficiency_(percent),n_at_1_sun,n_at_ 1/10_suns,Jo1_(A/cm2),Jo2_(A/cm2),Jo_(fA/cm2),Est_Bulk_Lifetime_(us),BRR_(Hz),Lifetime_at_Vmp_(us),Doping_(cm-3),Measured_Resistivity_(Ohm-cm),Lifetime_Fit_R2,Max_Intensity_(suns),Intensity_@_flash_cutoff_(suns),V_at_Isc_(V),dV/dt,V_Pad_0_(V),V_Pad_1_(V),V_Pad_2_(V),V_Pad_3_(V),V_Pad_4_(V),dBreak_(A),dBreak_(V),Capacitance_(uF/cm2),Capacitance_Error_(percent),Pm/Pe,BulkSRH_AND_Jo_Power_Loss_(percent),BulkSRH_Power_Loss_(percent),Jo_Power_Loss_(percent),Rs_Power_Loss_(percent),Rsh_Power_Loss_(percent),Dark_Break_Interpolated,Calibration,Resistivity_(ohm-cm),Analysis_Resistivity_(ohm-cm),Sample_Type,Thickness_(cm),Cell_Area_(cm2),Total_Area_(cm2),Number_of_Cells_per_String,Number_of_Strings,Temperature_(C),Intensity_(suns),Analysis_Type,Nominal_Load_Voltage_(mV/cell),Rs_Modulation_Target_(ohm-cm2),Reference_Constant_(V/sun),Voltage_Temperature_Coefficient_(mV/C),Temperature_Offset_(C),Power_per_Sun_(W/m2),Conductivity_Modulation_(ohm-cm2/V),Auger_Coefficient,Auger_Method,Band_Gap_Narrowing,Fit_Method,Carrier_Density_Center_Point_(cm-3),Percent_Fit,Lower_Bound_(cm-3),Upper_Bound_(cm-3),Rsh_Lifetime_Correction,Rsh_Measurement_Method,SunsVoc_Rsh_Voltage_(V),Do_Dark_Break_Measurement,Temperature_Measurement_Method,Number_of_dRsh_Points,dRsh_Output_Vlimit_(V),Current_Transfer,Voltage_Transfer,Temperature_Transfer,Final_Bin,Bin_Index,Tester_ID,Do_Doping_Measurement,Doping_Sample_Time_(us),Doping_Measurement_Length_(us),Measurement_Type,Comments,Measurement_Date-Time_String,Software Version,Recipe_Filename,EL Pulse Current Delivered (Coulombs),Forward Dark IV (V),Forward Dark IV (A),Forward Dark IV Interpolated?,EL Pulse Energy Delivered (J),Doping Calibration Factor (V/sun)
193,4439,MO,VAL1,20-0171-0960A-1-1,7/1/2021,4.633488,25.165572,4.266204,20.424907,87.136816,74.728591,22.348504,1915.757152,0.444838,0.041593,0.719016,0.038296,0.583569,0.022349,22.348504,6097.581335,1.415855,4.266204,20.424907,74.728591,87.136816,22.348504,0.444838,0.038296,0.583569,0.022349,22.348504,1.415855,1.286348,26.566971,40.554651,0.038862,0.629734,0.024473,81.831756,24.472793,127.995284,1.595203,1.44E-14,1.10E-08,-4.284749,626.272426,1596.749208,502.94557,7.22E+15,,0.691268,1.143721,0.149589,1.332175,487.653856,20.424907,,,,,,,59.798911,0.219035,,7.963838,,,8.501528,0.251477,FALSE,FALSE,2,2,p-type,0.018,111.4,3899,35,1,25,1,Generalized,520,1.26205,0.264391,2,2.7,1000,4.134764,1.66E-30,Sinton,OFF,Center Point,3.00E+15,30,2.00E+15,4.00E+15,OFF,SunsVoc Rsh (Module),0.45,FALSE,Thermocouple,2,10,-0.05,12.0155,0.01,A,0,19-133095,FALSE,0,0,Full IV,"POSTLAM STRING 172
",7/1/2021 13:52,MultiFlash v1.50,IVTVAL1-20-0171-0961B PREFOAM.mfr,,,,FALSE,,0
195,4440,MO,VAL1,20-0171-0960B-2-1,7/1/2021,4.662146,25.127242,4.293014,20.451501,87.798572,74.947424,22.518228,2036.563268,0.4337,0.041851,0.717921,0.038537,0.584329,0.022518,22.518228,6482.089946,1.380405,4.293014,20.451501,74.947424,87.798572,22.518228,0.4337,0.038537,0.584329,0.022518,22.518228,1.380405,1.260772,26.653955,40.411904,0.039156,0.628852,0.024623,81.953611,24.623262,437.905271,1.569522,1.67E-14,1.00E-08,-2.535636,643.738237,1553.426442,495.76481,7.22E+15,,0.465852,1.134872,0.150225,1.320524,484.466283,20.451501,,,,,,,59.26167,0.201978,,7.952565,,,8.344228,0.235007,FALSE,FALSE,2,2,p-type,0.018,111.4,3899,35,1,25,1,Generalized,520,1.240128,0.264391,2,2.7,1000,3.788816,1.66E-30,Sinton,OFF,Center Point,3.00E+15,30,2.00E+15,4.00E+15,OFF,SunsVoc Rsh (Module),0.45,FALSE,Thermocouple,2,10,-0.05,12.0155,0.01,A,0,19-133095,FALSE,0,0,Full IV,"POSTLAM STRING 17B
",7/1/2021 13:58,MultiFlash v1.50,IVTVAL1-20-0171-0961B PREFOAM.mfr,,,,FALSE,,0
181,4444,MO,VAL1,20-0171-0956B-3-1,7/1/2021,4.673458,25.124793,4.289456,20.344337,87.266139,74.319867,22.381672,1661.945119,0.478826,0.041952,0.717851,0.038505,0.581267,0.022382,22.381672,5289.733893,1.524036,4.289456,20.344337,74.319867,87.266139,22.381672,0.478826,0.038505,0.581267,0.022382,22.381672,1.524036,1.405914,26.681282,39.349693,0.039114,0.631497,0.0247,82.019456,24.700428,-32.869278,1.610921,1.42E-14,1.13E-08,-2.731229,660.190638,1514.713997,520.026745,7.22E+15,,0.447192,1.136199,0.151723,1.326581,538.468698,20.344337,,,,,,,64.326154,0.215941,,8.256394,,,9.169938,0.288376,FALSE,FALSE,2,2,p-type,0.018,111.4,3899,35,1,25,1,Generalized,520,1.393824,0.264391,2,2.7,1000,3.20479,1.66E-30,Sinton,OFF,Center Point,3.00E+15,30,2.00E+15,4.00E+15,OFF,SunsVoc Rsh (Module),0.45,FALSE,Thermocouple,2,10,-0.05,12.0155,0.01,A,0,19-133095,FALSE,0,0,Full IV,POSTLAM STRING 143,7/1/2021 14:18,MultiFlash v1.50,IVTVAL1-20-0171-0961B PREFOAM.mfr,,,,FALSE,,0
199,4442,MO,VAL1,20-0171-0961B-4-1,7/1/2021,4.636053,25.141229,4.275696,20.487428,87.598005,75.155258,22.466788,2105.032866,0.424768,0.041616,0.718321,0.038381,0.585355,0.022467,22.466788,6700.018893,1.351976,4.275696,20.487428,75.155258,87.598005,22.466788,0.424768,0.038381,0.585355,0.022467,22.466788,1.351976,1.234763,26.626649,42.142688,0.038949,0.629191,0.024507,81.978492,24.506514,-108.810264,1.565878,1.62E-14,9.85E-09,-3.973409,630.585492,1585.827793,502.458383,7.22E+15,,0.690426,1.133369,0.151213,1.323036,459.400724,20.487428,,,,,,,58.701433,0.190566,,7.811248,,,8.142984,0.228543,FALSE,FALSE,2,2,p-type,0.018,111.4,3899,35,1,25,1,Generalized,520,1.212194,0.264391,2,2.7,1000,3.858528,1.66E-30,Sinton,OFF,Center Point,3.00E+15,30,2.00E+15,4.00E+15,OFF,SunsVoc Rsh (Module),0.45,FALSE,Thermocouple,2,10,-0.05,12.0155,0.01,A,0,19-133095,FALSE,0,0,Full IV,POSTLAM STRING 171,7/1/2021 14:07,MultiFlash v1.50,IVTVAL1-20-0171-0961B PREFOAM.mfr,,,,FALSE,,0
197,4441,MO,VAL1,20-0171-0961A-5-1,7/1/2021,4.591328,25.167647,4.24416,20.533141,87.145928,75.416461,22.350841,2106.597451,0.410743,0.041215,0.719076,0.038098,0.586661,0.022351,22.350841,6704.998744,1.307335,4.24416,20.533141,75.416461,87.145928,22.350841,0.410743,0.038098,0.586661,0.022351,22.350841,1.307335,1.246058,26.617262,42.121315,0.038568,0.629625,0.024283,81.936874,24.283266,73.965507,1.583465,1.55E-14,9.76E-09,-4.608558,633.104284,1579.518613,507.329922,7.22E+15,,0.746418,1.136811,0.149774,1.316932,468.755169,20.533141,,,,,,,57.16612,0.098826,,7.594087,,,7.825581,0.230317,FALSE,FALSE,2,2,p-type,0.018,111.4,3899,35,1,25,1,Generalized,520,1.220546,0.264391,2,2.7,1000,2.358378,1.66E-30,Sinton,OFF,Center Point,3.00E+15,30,2.00E+15,4.00E+15,OFF,SunsVoc Rsh (Module),0.45,FALSE,Thermocouple,2,10,-0.05,12.0155,0.01,A,0,19-133095,FALSE,0,0,Full IV,"POSTLAM STRING 170
",7/1/2021 14:02,MultiFlash v1.50,IVTVAL1-20-0171-0961B PREFOAM.mfr,,,,FALSE,,0
236,4597,JT,VAL1,20-0171-0980B-6-1,8/2/2021,4.658793,25.180184,4.292434,20.447296,87.768666,74.818195,22.510558,2449.276958,0.445949,0.04182,0.719434,0.038532,0.584208,0.022511,22.510558,7795.698662,1.41939,4.292434,20.447296,74.818195,87.768666,22.510558,0.445949,0.038532,0.584208,0.022511,22.510558,1.41939,1.313665,24.585258,42.253551,0.039157,0.630121,0.024674,82.00765,24.67365,125.142657,1.589409,1.59E-14,9.53E-09,-4.357592,638.953019,1565.060295,524.791514,7.22E+15,,0.676466,1.130978,0.149403,1.158301,495.33972,20.447296,,,,,,,62.088959,0.183539,,7.901905,,,8.560269,0.19597,FALSE,FALSE,2,2,p-type,0.018,111.4,3899,35,1,25,1,Generalized,520,1.300606,0.264391,2,2.7,1000,3.219464,1.66E-30,Sinton,OFF,Center Point,3.00E+15,30,2.00E+15,4.00E+15,OFF,SunsVoc Rsh (Module),0.45,FALSE,Thermocouple,2,10,-0.05,12.0155,0.01,A,0,19-133095,FALSE,0,0,Full IV,STRING 197,8/2/2021 12:28,MultiFlash v1.50,IVTVAL1-20-0171-0981A.mfr,,,,FALSE,,0
239,4582,JT,VAL1,20-0171-0982A-7-1,8/2/2021,4.646557,25.164292,4.270426,20.382508,87.041986,74.441101,22.324182,2248.591014,0.484155,0.041711,0.71898,0.038334,0.582357,0.022324,22.324182,7156.94397,1.540997,4.270426,20.382508,74.441101,87.041986,22.324182,0.484155,0.038334,0.582357,0.022324,22.324182,1.540997,1.376836,23.871603,40.578563,0.039045,0.631586,0.02466,82.231099,24.660329,-190.418592,1.557365,1.56E-14,9.29E-09,-2.811151,686.592671,1456.467629,559.832764,7.22E+15,,0.486666,1.132984,0.149959,1.108618,521.067185,20.382508,,,,,,,67.599871,0.31302,,8.135967,,,9.209549,0.21487,FALSE,FALSE,2,2,p-type,0.018,111.4,3899,35,1,25,1,Generalized,520,1.350457,0.264391,2,2.7,1000,5.942522,1.66E-30,Sinton,OFF,Center Point,3.00E+15,30,2.00E+15,4.00E+15,OFF,SunsVoc Rsh (Module),0.45,FALSE,Thermocouple,2,10,-0.05,12.0155,0.01,A,0,19-133095,FALSE,0,0,Full IV,STRING 200,8/2/2021 11:07,MultiFlash v1.50,IVTVAL1-20-0171-0981A.mfr,,,,FALSE,,0
237,4578,MO,VAL1,20-0171-0981A-8-1,8/2/2021,4.624121,25.160954,4.2481,20.346219,86.432777,74.288604,22.167935,2160.862621,0.473018,0.041509,0.718884,0.038134,0.581321,0.022168,22.167935,6877.717027,1.505548,4.2481,20.346219,74.288604,86.432777,22.167935,0.473018,0.038134,0.581321,0.022168,22.167935,1.505548,1.368534,23.538604,39.777166,0.038809,0.629234,0.02442,81.835544,24.419963,141.499351,1.610048,1.53E-14,1.02E-08,-5.121779,616.534703,1621.968715,508.236596,7.22E+15,,0.752103,1.12976,0.147759,1.101593,514.780604,20.346219,,,,,,,61.738781,0.238402,,8.170897,,,8.988451,0.223733,FALSE,FALSE,2,2,p-type,0.018,111.4,3899,35,1,25,1,Generalized,520,1.343184,0.264391,2,2.7,1000,5.505566,1.66E-30,Sinton,OFF,Center Point,3.00E+15,30,2.00E+15,4.00E+15,OFF,SunsVoc Rsh (Module),0.45,FALSE,Thermocouple,2,10,-0.05,12.0155,0.01,A,0,19-133095,FALSE,0,0,Full IV,STRING 198,8/2/2021 10:04,MultiFlash v1.50,IVTVAL1-20-0171-0956A (1).mfr,,,,FALSE,,0
240,4585,JT,VAL1,20-0171-0982B-9-1,8/2/2021,4.680484,24.460693,4.296268,20.004397,85.944258,75.068426,22.042641,1655.598143,0.441167,0.042015,0.698877,0.038566,0.571554,0.022043,22.042641,5269.532376,1.40417,4.296268,20.004397,75.068426,85.944258,22.042641,0.441167,0.038566,0.571554,0.022043,22.042641,1.40417,1.340554,24.077911,37.616973,0.039214,0.616829,0.024188,82.375323,24.188195,-59.961078,1.595551,3.37E-14,1.30E-08,26.425944,896.180293,1115.846898,308.48616,7.22E+15,,0.009068,1.133793,0.149561,1.153709,512.3927,20.004397,,,,,,,39.290283,0.070778,,8.24878,,,8.654749,0.282614,FALSE,FALSE,2,2,p-type,0.018,111.4,3899,35,1,25,1,Generalized,520,1.335471,0.264391,2,2.7,1000,1.660691,1.66E-30,Sinton,OFF,Center Point,3.00E+15,30,2.00E+15,4.00E+15,OFF,SunsVoc Rsh (Module),0.45,FALSE,Thermocouple,2,10,-0.05,12.0155,0.01,A,0,19-133095,FALSE,0,0,Full IV,STRING 201,8/2/2021 11:20,MultiFlash v1.50,IVTVAL1-20-0171-0981A.mfr,,,,FALSE,,0
234,4576,MO,VAL1,20-0171-0980A-10-1,8/2/2021,4.62998,25.12156,4.259441,20.316532,86.537069,74.400601,22.194683,2019.356628,0.464683,0.041562,0.717759,0.038236,0.580472,0.022195,22.194683,6427.323666,1.479021,4.259441,20.316532,74.400601,86.537069,22.194683,0.464683,0.038236,0.580472,0.022195,22.194683,1.479021,1.339314,23.064284,49.883261,0.038858,0.628192,0.024411,81.828445,24.410507,-279.615336,1.600892,1.62E-14,1.04E-08,-3.945021,617.577609,1619.22969,484.606739,7.22E+15,,0.636798,1.127897,0.149108,3.79626,505.257112,20.316532,,,,,,,58.2586,0.229442,,8.04441,,,8.877411,0.238469,FALSE,FALSE,2,2,p-type,0.018,111.4,3899,35,1,25,1,Generalized,520,1.325878,0.264391,2,2.7,1000,4.562165,1.66E-30,Sinton,OFF,Center Point,3.00E+15,30,2.00E+15,4.00E+15,OFF,SunsVoc Rsh (Module),0.45,FALSE,Thermocouple,2,10,-0.05,12.0155,0.01,A,0,19-133095,FALSE,0,0,Full IV,STRING 196,8/2/2021 9:52,MultiFlash v1.50,IVTVAL1-20-0171-0956A (1).mfr,,,,FALSE,,0
241,4580,JT,VAL1,20-0171-0983A-1-2,8/2/2021,4.664373,25.150614,4.281416,20.324492,87.017602,74.176313,22.317928,2070.227104,0.488081,0.04187,0.718589,0.038433,0.5807,0.022318,22.317928,6589.237125,1.553491,4.281416,20.324492,74.176313,87.017602,22.317928,0.488081,0.038433,0.5807,0.022318,22.317928,1.553491,1.375008,23.841917,40.595828,0.039207,0.629808,0.024693,82.069934,24.692935,105.332357,1.561294,1.65E-14,9.53E-09,-2.968451,651.616094,1534.64595,529.863403,7.22E+15,,0.535851,1.131366,0.148566,1.092389,521.632446,20.324492,,,,,,,65.317517,0.328788,,8.253166,,,9.323016,0.232119,FALSE,FALSE,2,2,p-type,0.018,111.4,3899,35,1,25,1,Generalized,520,1.356475,0.264391,2,2.7,1000,6.193061,1.66E-30,Sinton,OFF,Center Point,3.00E+15,30,2.00E+15,4.00E+15,OFF,SunsVoc Rsh (Module),0.45,FALSE,Thermocouple,2,10,-0.05,12.0155,0.01,A,0,19-133095,FALSE,0,0,Full IV,STRING 202,8/2/2021 10:32,MultiFlash v1.50,IVTVAL1-20-0171-0981A.mfr,,,,FALSE,,0
242,4581,JT,VAL1,20-0171-0983B-2-2,8/2/2021,4.705391,24.691403,4.299265,20.004611,86.005122,74.025759,22.058251,1751.608589,0.483137,0.042239,0.705469,0.038593,0.57156,0.022058,22.058251,5575.119909,1.537755,4.299265,20.004611,74.025759,86.005122,22.058251,0.483137,0.038593,0.57156,0.022058,22.058251,1.537755,1.41752,24.111403,37.536078,0.039439,0.619711,0.024441,82.020713,24.440594,-6.854427,1.593227,2.54E-14,1.26E-08,56.63489,-1609.493849,-621.31334,353.670534,7.22E+15,,0.126778,1.132465,0.148717,1.120136,541.720974,20.004611,,,,,,,47.179654,0.160492,,8.672988,,,9.406561,0.267917,FALSE,FALSE,2,2,p-type,0.018,111.4,3899,35,1,25,1,Generalized,520,1.408249,0.264391,2,2.7,1000,3.659165,1.66E-30,Sinton,OFF,Center Point,3.00E+15,30,2.00E+15,4.00E+15,OFF,SunsVoc Rsh (Module),0.45,FALSE,Thermocouple,2,10,-0.05,12.0155,0.01,A,0,19-133095,FALSE,0,0,Full IV,STRING 203,8/2/2021 11:01,MultiFlash v1.50,IVTVAL1-20-0171-0981A.mfr,,,,FALSE,,0
231,4587,JT,VAL1,20-0171-0978B-3-2,8/2/2021,4.681804,24.680506,4.298139,20.021455,86.054997,74.474716,22.071043,1688.102802,0.446423,0.042027,0.705157,0.038583,0.572042,0.022071,22.071043,5372.990061,1.420902,4.298139,20.021455,74.474716,86.054997,22.071043,0.446423,0.038583,0.572042,0.022071,22.071043,1.420902,1.360328,24.184421,39.251047,0.039184,0.618562,0.024238,81.786053,24.237803,-6.933913,1.643861,2.48E-14,1.34E-08,51.207454,-2995.178334,-333.869936,322.556582,7.22E+15,,0.110213,1.130422,0.148968,1.119878,512.898661,20.021455,,,,,,,40.933546,0.069228,,8.232359,,,8.745524,0.277606,FALSE,FALSE,2,2,p-type,0.018,111.4,3899,35,1,25,1,Generalized,520,1.354871,0.264391,2,2.7,1000,1.050009,1.66E-30,Sinton,OFF,Center Point,3.00E+15,30,2.00E+15,4.00E+15,OFF,SunsVoc Rsh (Module),0.45,FALSE,Thermocouple,2,10,-0.05,12.0155,0.01,A,0,19-133095,FALSE,0,0,Full IV,STRING 193,8/2/2021 11:33,MultiFlash v1.50,IVTVAL1-20-0171-0981A.mfr,,,,FALSE,,0
238,4579,MO,VAL1,20-0171-0981B-4-2,8/2/2021,4.679546,25.13356,4.299979,20.335999,87.444367,74.348829,22.427383,2101.603503,0.466881,0.042007,0.718102,0.038599,0.581029,0.022427,22.427383,6689.10372,1.486017,4.299979,20.335999,74.348829,87.444367,22.427383,0.466881,0.038599,0.581029,0.022427,22.427383,1.486017,1.345996,23.467186,42.003654,0.039351,0.628117,0.024717,81.938266,24.716743,49.348514,1.559274,1.74E-14,9.74E-09,-2.52428,633.418215,1578.73578,497.081844,7.22E+15,,0.440339,1.132307,0.14835,1.081576,497.626649,20.335999,,,,,,,61.02253,0.233826,,8.152964,,,8.985044,0.227195,FALSE,FALSE,2,2,p-type,0.018,111.4,3899,35,1,25,1,Generalized,520,1.318626,0.264391,2,2.7,1000,5.209363,1.66E-30,Sinton,OFF,Center Point,3.00E+15,30,2.00E+15,4.00E+15,OFF,SunsVoc Rsh (Module),0.45,FALSE,Thermocouple,2,10,-0.05,12.0155,0.01,A,0,19-133095,FALSE,0,0,Full IV,STRING 199,8/2/2021 10:23,MultiFlash v1.50,IVTVAL1-20-0171-0981A.mfr,,,,FALSE,,0
232,4588,JT,VAL1,20-0171-0979A-5-2,8/2/2021,4.658068,25.125983,4.265564,20.332566,86.729857,74.103679,22.244128,2130.988463,0.469314,0.041814,0.717885,0.038291,0.58093,0.022244,22.244128,6782.63185,1.49376,4.265564,20.332566,74.103679,86.729857,22.244128,0.469314,0.038291,0.58093,0.022244,22.244128,1.49376,1.316296,24.040808,41.996329,0.039109,0.626988,0.024521,81.687823,24.520705,20.19563,1.587481,1.69E-14,1.06E-08,-4.090646,593.249924,1685.63022,476.220338,7.22E+15,,0.661711,1.130059,0.149522,1.111389,495.359763,20.332566,,,,,,,60.485833,0.30142,,8.469044,,,8.963235,0.225003,FALSE,FALSE,2,2,p-type,0.018,111.4,3899,35,1,25,1,Generalized,520,1.296894,0.264391,2,2.7,1000,5.826905,1.66E-30,Sinton,OFF,Center Point,3.00E+15,30,2.00E+15,4.00E+15,OFF,SunsVoc Rsh (Module),0.45,FALSE,Thermocouple,2,10,-0.05,12.0155,0.01,A,0,19-133095,FALSE,0,0,Full IV,STRING 194,8/2/2021 11:39,MultiFlash v1.50,IVTVAL1-20-0171-0981A.mfr,,,,FALSE,,0
244,4600,JT,VAL1,20-0171-0984B-6-2,8/2/2021,4.676953,24.436022,4.283474,20.030371,85.799571,75.074361,22.005533,1775.44349,0.449994,0.041983,0.698172,0.038451,0.572296,0.022006,22.005533,5650.982993,1.432266,4.283474,20.030371,75.074361,85.799571,22.005533,0.449994,0.038451,0.572296,0.022006,22.005533,1.432266,1.368071,25.582075,37.801022,0.039146,0.617896,0.024188,82.519768,24.187904,-37.170335,1.638095,3.18E-14,1.35E-08,11.562729,573.194457,1744.608638,320.367736,7.22E+15,,0.001531,1.131634,0.14938,1.241818,526.470024,20.030371,,,,,,,41.670019,0.076492,,8.453733,,,8.778328,0.264436,FALSE,FALSE,2,2,p-type,0.018,111.4,3899,35,1,25,1,Generalized,520,1.358181,0.264391,2,2.7,1000,2.054949,1.66E-30,Sinton,OFF,Center Point,3.00E+15,30,2.00E+15,4.00E+15,OFF,SunsVoc Rsh (Module),0.45,FALSE,Thermocouple,2,10,-0.05,12.0155,0.01,A,0,19-133095,FALSE,0,0,Full IV,STRING 205,8/2/2021 15:46,MultiFlash v1.50,IVTVAL1-20-0171-0981A.mfr,,,,FALSE,,0
230,4586,JT,VAL1,20-0171-0978A-7-2,8/2/2021,4.640899,25.138722,4.26313,20.330016,86.669498,74.288388,22.228648,1768.404272,0.476049,0.04166,0.718249,0.038269,0.580858,0.022229,22.228648,5628.578167,1.515196,4.26313,20.330016,74.288388,86.669498,22.228648,0.476049,0.038269,0.580858,0.022229,22.228648,1.515196,1.394779,24.176587,40.587322,0.038928,0.629592,0.024509,81.908145,24.50864,-1086.620396,1.59991,1.49E-14,1.07E-08,-3.813058,634.545862,1575.930221,507.707665,7.22E+15,,0.653443,1.128819,0.14858,1.121553,518.82688,20.330016,,,,,,,61.967605,0.207231,,8.182147,,,9.076502,0.272444,FALSE,FALSE,2,2,p-type,0.018,111.4,3899,35,1,25,1,Generalized,520,1.376843,0.264391,2,2.7,1000,4.216035,1.66E-30,Sinton,OFF,Center Point,3.00E+15,30,2.00E+15,4.00E+15,OFF,SunsVoc Rsh (Module),0.45,FALSE,Thermocouple,2,10,-0.05,12.0155,0.01,A,0,19-133095,FALSE,0,0,Full IV,STRING 191,8/2/2021 11:25,MultiFlash v1.50,IVTVAL1-20-0171-0981A.mfr,,,,FALSE,,0
229,4592,JT,VAL1,20-0171-0977B-8-2,8/2/2021,4.677395,24.839666,4.30057,20.193692,86.844379,74.746686,22.273501,1735.451866,0.438853,0.041987,0.709705,0.038605,0.576963,0.022274,22.273501,5523.695367,1.396807,4.30057,20.193692,74.746686,86.844379,22.273501,0.438853,0.038605,0.576963,0.022274,22.273501,1.396807,1.302054,24.524795,39.16527,0.039173,0.622935,0.024402,81.891299,24.402499,-9.91756,1.62939,2.08E-14,1.21E-08,1.067934,589.579432,1696.124298,380.762921,7.22E+15,,0.086441,1.127983,0.149587,1.126331,491.783397,20.193692,,,,,,,47.145161,0.124872,,8.09785,,,8.547245,0.272021,FALSE,FALSE,2,2,p-type,0.018,111.4,3899,35,1,25,1,Generalized,520,1.304647,0.264391,2,2.7,1000,2.398387,1.66E-30,Sinton,OFF,Center Point,3.00E+15,30,2.00E+15,4.00E+15,OFF,SunsVoc Rsh (Module),0.45,FALSE,Thermocouple,2,10,-0.05,12.0155,0.01,A,0,19-133095,FALSE,0,0,Full IV,STRING 190,8/2/2021 11:59,MultiFlash v1.50,IVTVAL1-20-0171-0981A.mfr,,,,FALSE,,0
228,4591,JT,VAL1,20-0171-0977A-9-2,8/2/2021,4.633241,25.159801,4.24361,20.267421,86.007027,73.780538,22.05874,2089.11182,0.502362,0.041591,0.718851,0.038093,0.579069,0.022059,22.05874,6649.344478,1.598947,4.24361,20.267421,73.780538,86.007027,22.05874,0.502362,0.038093,0.579069,0.022059,22.05874,1.598947,1.455251,24.090174,40.596324,0.038903,0.628866,0.024465,81.828583,24.464926,17.869565,1.587856,1.57E-14,1.02E-08,-3.570432,634.272479,1576.609475,513.094258,7.22E+15,,0.638256,1.131786,0.151567,1.130986,546.614256,20.267421,,,,,,,64.388487,0.260661,,8.44935,,,9.517411,0.231413,FALSE,FALSE,2,2,p-type,0.018,111.4,3899,35,1,25,1,Generalized,520,1.422994,0.264391,2,2.7,1000,5.54385,1.66E-30,Sinton,OFF,Center Point,3.00E+15,30,2.00E+15,4.00E+15,OFF,SunsVoc Rsh (Module),0.45,FALSE,Thermocouple,2,10,-0.05,12.0155,0.01,A,0,19-133095,FALSE,0,0,Full IV,STRING 189,8/2/2021 11:53,MultiFlash v1.50,IVTVAL1-20-0171-0981A.mfr,,,,FALSE,,0
227,4594,JT,VAL1,20-0171-0976B-10-2,8/2/2021,4.671847,24.738568,4.294244,20.120896,86.404034,74.760268,22.160563,1399.263899,0.451179,0.041938,0.706816,0.038548,0.574883,0.022161,22.160563,4453.657095,1.43604,4.294244,20.120896,74.760268,86.404034,22.160563,0.451179,0.038548,0.574883,0.022161,22.160563,1.43604,1.36981,24.53764,39.167295,0.039159,0.621786,0.024349,82.14249,24.348813,-7.515029,1.58722,2.42E-14,1.17E-08,8.302873,667.846506,1497.350052,371.050515,7.22E+15,,0.836058,1.128412,0.150117,1.148199,511.125621,20.120896,,,,,,,46.092032,0.084426,,8.123957,,,8.783398,0.337431,FALSE,FALSE,2,2,p-type,0.018,111.4,3899,35,1,25,1,Generalized,520,1.362946,0.264391,2,2.7,1000,1.598296,1.66E-30,Sinton,OFF,Center Point,3.00E+15,30,2.00E+15,4.00E+15,OFF,SunsVoc Rsh (Module),0.45,FALSE,Thermocouple,2,10,-0.05,12.0155,0.01,A,0,19-133095,FALSE,0,0,Full IV,STRING 183,8/2/2021 12:09,MultiFlash v1.50,IVTVAL1-20-0171-0981A.mfr,,,,FALSE,,0
226,4593,JT,VAL1,20-0171-0976A-1-3,8/2/2021,4.626734,25.178285,4.229421,20.274364,85.748822,73.608412,21.992516,2145.781301,0.536374,0.041533,0.71938,0.037966,0.579268,0.021993,21.992516,6829.715341,1.707202,4.229421,20.274364,73.608412,85.748822,21.992516,0.536374,0.037966,0.579268,0.021993,21.992516,1.707202,1.532864,24.388056,39.071102,0.038886,0.631674,0.024563,82.212468,24.563212,36.621264,1.566491,1.51E-14,9.32E-09,-3.153066,687.063538,1455.469466,582.8522,7.22E+15,,0.534348,1.123972,0.149559,1.144941,572.690247,20.274364,,,,,,,73.826593,0.361874,,8.63026,,,10.063257,0.227065,FALSE,FALSE,2,2,p-type,0.018,111.4,3899,35,1,25,1,Generalized,520,1.51724,0.264391,2,2.7,1000,6.404421,1.66E-30,Sinton,OFF,Center Point,3.00E+15,30,2.00E+15,4.00E+15,OFF,SunsVoc Rsh (Module),0.45,FALSE,Thermocouple,2,10,-0.05,12.0155,0.01,A,0,19-133095,FALSE,0,0,Full IV,STRING 188,8/2/2021 12:03,MultiFlash v1.50,IVTVAL1-20-0171-0981A.mfr,,,,FALSE,,0
243,4598,JT,VAL1,20-0171-0984A-2-3,8/2/2021,4.611941,25.056537,4.284146,20.364807,87.245811,75.498756,22.376458,2348.526627,0.41088,0.0414,0.715901,0.038457,0.581852,0.022376,22.376458,7475.024751,1.307773,4.284146,20.364807,75.498756,87.245811,22.376458,0.41088,0.038457,0.581852,0.022376,22.376458,1.307773,1.302073,25.173392,40.96641,0.038853,0.626412,0.024338,82.117506,24.338136,21.752264,1.51092,2.00E-14,9.15E-09,0.684791,662.995983,1508.304764,458.459677,7.22E+15,,0.052278,1.131577,0.149353,1.209071,496.503594,20.364807,,,,,,,49.257244,0.007954,,7.143847,,,7.956001,0.20427,FALSE,FALSE,2,2,p-type,0.018,111.4,3899,35,1,25,1,Generalized,520,1.265563,0.264391,2,2.7,1000,0.42721,1.66E-30,Sinton,OFF,Center Point,3.00E+15,30,2.00E+15,4.00E+15,OFF,SunsVoc Rsh (Module),0.45,FALSE,Thermocouple,2,10,-0.05,12.0155,0.01,A,0,19-133095,FALSE,0,0,Full IV,STRING 204,8/2/2021 15:36,MultiFlash v1.50,IVTVAL1-20-0171-0981A.mfr,,,,FALSE,,0
233,4589,JT,VAL1,20-0171-0979B-3-3,8/2/2021,4.676449,24.899518,4.312048,20.227953,87.223906,74.90803,22.37084,2045.733047,0.424455,0.041979,0.711415,0.038708,0.577942,0.022371,22.37084,6511.276041,1.350979,4.312048,20.227953,74.90803,87.223906,22.37084,0.424455,0.038708,0.577942,0.022371,22.37084,1.350979,1.286744,24.14172,40.568331,0.039188,0.623419,0.024431,81.805181,24.430634,-16.365499,1.623716,2.00E-14,1.19E-08,0.15367,590.662937,1693.012948,384.444169,7.22E+15,,0.001764,1.130101,0.149535,1.115719,487.765257,20.227953,,,,,,,46.085239,0.08283,,7.831995,,,8.297449,0.230571,FALSE,FALSE,2,2,p-type,0.018,111.4,3899,35,1,25,1,Generalized,520,1.288878,0.264391,2,2.7,1000,1.031475,1.66E-30,Sinton,OFF,Center Point,3.00E+15,30,2.00E+15,4.00E+15,OFF,SunsVoc Rsh (Module),0.45,FALSE,Thermocouple,2,10,-0.05,12.0155,0.01,A,0,19-133095,FALSE,0,0,Full IV,STRING 195,8/2/2021 11:46,MultiFlash v1.50,IVTVAL1-20-0171-0981A.mfr,,,,FALSE,,0
5,3113,JT,VAL1,20-0171-0902B-4-3,2/2/2021,3.388628,23.286638,2.266572,16.590918,37.604516,47.65509,9.644657,110.225607,1.904974,0.030419,0.665333,0.020346,0.474026,0.009645,9.644657,350.83236,6.063259,2.266572,16.590918,47.65509,37.604516,9.644657,1.904974,0.020346,0.474026,0.009645,9.644657,6.063259,1.908588,21.512393,19.907188,0.025794,0.529977,0.01367,67.5447,13.670008,1.440509,3.99259,1.00E-18,1.29E-07,,,,41.586885,7.22E+15,,,1.170758,0.153983,-0.328383,352.86417,16.590918,,,,,,,13.89419,1.498693,,28.991924,,,20.650566,5.597836,FALSE,FALSE,2,2,p-type,0.018,111.4,3899,35,1,25,1,Generalized,520,3.511851,0.264391,2,2.7,1000,53.113884,1.66E-30,Sinton,OFF,Center Point,3.00E+15,30,2.00E+15,4.00E+15,OFF,SunsVoc Rsh (Module),0.45,FALSE,Thermocouple,2,10,-0.05,12.0155,0.01,A,0,19-133095,FALSE,0,0,Full IV,"POST DAMAGE
",2/2/2021 11:14,MultiFlash v1.50,IVTVAL1-20-0171-0901A.mfr,,,,FALSE,,0
4,3112,JT,VAL1,20-0171-0902A-5-3,2/2/2021,3.371778,23.224182,2.419099,12.251066,29.636546,37.846712,7.601063,108.298607,3.408609,0.030267,0.663548,0.021715,0.35003,0.007601,7.601063,344.698994,10.849114,2.419099,12.251066,37.846712,29.636546,7.601063,3.408609,0.021715,0.35003,0.007601,7.601063,10.849114,3.432508,21.309087,15.540217,0.025562,0.531508,0.013587,67.649806,13.586662,2.530526,4.085284,1.00E-18,1.28E-07,,,,31.495538,7.22E+15,,,1.173117,0.153306,-0.331663,785.158967,12.251066,,,,,,,8.898092,1.986148,,24.485802,,,40.229457,5.613126,FALSE,FALSE,2,2,p-type,0.018,111.4,3899,35,1,25,1,Generalized,520,8.190947,0.264391,2,2.7,1000,21.017341,1.66E-30,Sinton,OFF,Center Point,3.00E+15,30,2.00E+15,4.00E+15,OFF,SunsVoc Rsh (Module),0.45,FALSE,Thermocouple,2,10,-0.05,12.0155,0.01,A,0,19-133095,FALSE,0,0,Full IV,"POST DAMAGE
",2/2/2021 11:10,MultiFlash v1.50,IVTVAL1-20-0171-0901A.mfr,,,,FALSE,,0
108,3701,MO,VAL1,20-0171-0923B-6-3,5/3/2021,4.620283,25.214766,4.262643,20.503813,87.400441,75.022257,22.416117,2120.760288,0.451868,0.041475,0.720422,0.038264,0.585823,0.022416,22.416117,6750.07703,1.438231,4.262643,20.503813,75.022257,87.400441,22.416117,0.451868,0.038264,0.585823,0.022416,22.416117,1.438231,1.373655,23.536743,42.181243,0.0388,0.633134,0.024566,82.215816,24.565502,88.559154,1.5928,1.42E-14,9.37E-09,-4.161688,692.763968,1443.49309,576.885878,7.22E+15,,0.694775,1.154494,0.152115,1.150051,513.11327,20.503813,,,,,,,66.313763,0.119439,,7.778147,,,8.587403,0.228912,FALSE,FALSE,2,2,p-type,0.018,111.4,3899,35,1,25,1,Generalized,520,1.334576,0.264391,2,2.7,1000,2.238381,1.66E-30,Sinton,OFF,Center Point,3.00E+15,30,2.00E+15,4.00E+15,OFF,SunsVoc Rsh (Module),0.45,FALSE,Thermocouple,2,10,-0.05,12.0155,0.01,A,0,19-133095,FALSE,0,0,Full IV,POSTLAM STRING 42,5/3/2021 14:36,MultiFlash v1.50,IVTVAL1-20-0171-0908A.mfr,,,,FALSE,,0
106,3699,MO,VAL1,20-0171-0922B-7-3,5/3/2021,4.62461,25.210082,4.274555,20.386365,87.142648,74.744874,22.349999,2399.251031,0.480576,0.041514,0.720288,0.038371,0.582468,0.02235,22.349999,7636.473281,1.529604,4.274555,20.386365,74.744874,87.142648,22.349999,0.480576,0.038371,0.582468,0.02235,22.349999,1.529604,1.472288,23.449444,40.865246,0.038937,0.633105,0.024651,82.44003,24.650983,41.487239,1.517222,1.57E-14,8.45E-09,-1.315728,750.456751,1332.521826,595.760396,7.22E+15,,0.235348,1.154125,0.151931,1.142759,560.627861,20.386365,,,,,,,66.9927,0.10887,,7.60747,,,9.154151,0.202248,FALSE,FALSE,2,2,p-type,0.018,111.4,3899,35,1,25,1,Generalized,520,1.43093,0.264391,2,2.7,1000,2.767946,1.66E-30,Sinton,OFF,Center Point,3.00E+15,30,2.00E+15,4.00E+15,OFF,SunsVoc Rsh (Module),0.45,FALSE,Thermocouple,2,10,-0.05,12.0155,0.01,A,0,19-133095,FALSE,0,0,Full IV,POSTLAM STRING 46,5/3/2021 14:28,MultiFlash v1.50,IVTVAL1-20-0171-0908A.mfr,,,,FALSE,,0
104,3695,MO,VAL1,20-0171-0921B-8-3,5/3/2021,4.644497,25.173054,4.254049,20.355776,86.594464,74.065424,22.209403,1756.64233,0.500255,0.041692,0.71923,0.038187,0.581594,0.022209,22.209403,5591.141587,1.59224,4.254049,20.355776,74.065424,86.594464,22.209403,0.500255,0.038187,0.581594,0.022209,22.209403,1.59224,1.474251,23.330461,40.756516,0.038908,0.632447,0.024607,82.061475,24.607115,13.857969,1.619483,1.40E-14,1.09E-08,-3.659522,675.196647,1481.050009,558.519939,7.22E+15,,0.615205,1.155215,0.152534,1.150285,559.456105,20.355776,,,,,,,69.8139,0.233879,,8.446656,,,9.46504,0.275581,FALSE,FALSE,2,2,p-type,0.018,111.4,3899,35,1,25,1,Generalized,520,1.440536,0.264391,2,2.7,1000,4.602188,1.66E-30,Sinton,OFF,Center Point,3.00E+15,30,2.00E+15,4.00E+15,OFF,SunsVoc Rsh (Module),0.45,FALSE,Thermocouple,2,10,-0.05,12.0155,0.01,A,0,19-133095,FALSE,0,0,Full IV,POSTLAM STRING 50,5/3/2021 14:00,MultiFlash v1.50,IVTVAL1-20-0171-0908A.mfr,,,,FALSE,,0
103,3693,MO,VAL1,20-0171-0921A-9-3,5/3/2021,4.570356,25.215618,4.208884,20.417175,85.933525,74.566363,22.039889,2482.908917,0.504633,0.041027,0.720446,0.037782,0.583348,0.02204,22.039889,7902.744382,1.606174,4.208884,20.417175,74.566363,85.933525,22.039889,0.504633,0.037782,0.583348,0.02204,22.039889,1.606174,1.511038,23.272752,40.820873,0.038431,0.634794,0.024395,82.535884,24.395473,-137.218397,1.547099,1.45E-14,8.44E-09,-1.839401,780.797716,1280.741452,639.482029,7.22E+15,,0.35587,1.156385,0.152999,1.108997,575.204716,20.417175,,,,,,,73.701423,0.201845,,7.948437,,,9.422517,0.198639,FALSE,FALSE,2,2,p-type,0.018,111.4,3899,35,1,25,1,Generalized,520,1.459094,0.264391,2,2.7,1000,4.188843,1.66E-30,Sinton,OFF,Center Point,3.00E+15,30,2.00E+15,4.00E+15,OFF,SunsVoc Rsh (Module),0.45,FALSE,Thermocouple,2,10,-0.05,12.0155,0.01,A,0,19-133095,FALSE,0,0,Full IV,POSTLAM STRING 49,5/3/2021 13:57,MultiFlash v1.50,IVTVAL1-20-0171-0908A.mfr,,,,FALSE,,0
102,3697,MO,VAL1,20-0171-0920B-10-3,5/3/2021,4.6399,25.203919,4.272461,20.42709,87.273949,74.629054,22.383675,2045.017235,0.471906,0.041651,0.720112,0.038352,0.583631,0.022384,22.383675,6508.997714,1.502009,4.272461,20.42709,74.629054,87.273949,22.383675,0.471906,0.038352,0.583631,0.022384,22.383675,1.502009,1.398011,23.387367,40.932438,0.038971,0.632498,0.024649,82.181625,24.648936,24.067482,1.574259,1.48E-14,9.41E-09,-3.449578,689.602967,1450.10977,569.1658,7.22E+15,,0.59218,1.151649,0.152194,1.146213,531.359464,20.42709,,,,,,,67.164294,0.197778,,7.958541,,,8.983528,0.236527,FALSE,FALSE,2,2,p-type,0.018,111.4,3899,35,1,25,1,Generalized,520,1.365534,0.264391,2,2.7,1000,3.842774,1.66E-30,Sinton,OFF,Center Point,3.00E+15,30,2.00E+15,4.00E+15,OFF,SunsVoc Rsh (Module),0.45,FALSE,Thermocouple,2,10,-0.05,12.0155,0.01,A,0,19-133095,FALSE,0,0,Full IV,POSTLAM STRING 48,5/3/2021 14:07,MultiFlash v1.50,IVTVAL1-20-0171-0908A.mfr,,,,FALSE,,0
101,3696,MO,VAL1,20-0171-0920A-1-4,5/3/2021,4.59508,25.175366,4.222501,20.35849,85.963737,74.309859,22.047637,2156.561439,0.504622,0.041248,0.719296,0.037904,0.581671,0.022048,22.047637,6864.02698,1.60614,4.222501,20.35849,74.309859,85.963737,22.047637,0.504622,0.037904,0.581671,0.022048,22.047637,1.60614,1.478013,23.35023,40.912487,0.038616,0.63263,0.02443,82.337946,24.42956,413.383285,1.548454,1.55E-14,8.97E-09,-1.405452,737.355833,1356.197314,588.180209,7.22E+15,,0.209696,1.152008,0.152918,1.132961,565.7896,20.35849,,,,,,,70.171203,0.259433,,8.15169,,,9.474598,0.226945,FALSE,FALSE,2,2,p-type,0.018,111.4,3899,35,1,25,1,Generalized,520,1.437013,0.264391,2,2.7,1000,5.076,1.66E-30,Sinton,OFF,Center Point,3.00E+15,30,2.00E+15,4.00E+15,OFF,SunsVoc Rsh (Module),0.45,FALSE,Thermocouple,2,10,-0.05,12.0155,0.01,A,0,19-133095,FALSE,0,0,Full IV,POSTLAM STRING 47,5/3/2021 14:05,MultiFlash v1.50,IVTVAL1-20-0171-0908A.mfr,,,,FALSE,,0
105,3698,MO,VAL1,20-0171-0922A-2-4,5/3/2021,4.579581,25.221348,4.198371,20.467453,85.929967,74.396178,22.038976,2154.7625,0.483041,0.041109,0.72061,0.037687,0.584784,0.022039,22.038976,6858.301213,1.537451,4.198371,20.467453,74.396178,85.929967,22.038976,0.483041,0.037687,0.584784,0.022039,22.038976,1.537451,1.401213,23.438089,42.30208,0.038432,0.632266,0.024299,82.026558,24.299385,39.687453,1.602642,1.42E-14,9.56E-09,-4.341836,678.059907,1474.795944,578.579843,7.22E+15,,0.678062,1.159891,0.151329,1.132667,537.073347,20.467453,,,,,,,70.584278,0.279429,,8.367769,,,9.015098,0.227966,FALSE,FALSE,2,2,p-type,0.018,111.4,3899,35,1,25,1,Generalized,520,1.347633,0.264391,2,2.7,1000,5.239741,1.66E-30,Sinton,OFF,Center Point,3.00E+15,30,2.00E+15,4.00E+15,OFF,SunsVoc Rsh (Module),0.45,FALSE,Thermocouple,2,10,-0.05,12.0155,0.01,A,0,19-133095,FALSE,0,0,Full IV,POSTLAM STRING 44,5/3/2021 14:26,MultiFlash v1.50,IVTVAL1-20-0171-0908A.mfr,,,,FALSE,,0
109,3702,MO,VAL1,20-0171-0924A-3-4,5/3/2021,4.589624,25.180335,4.223347,20.401471,86.162489,74.55549,22.098612,1919.848344,0.486199,0.041199,0.719438,0.037912,0.582899,0.022099,22.098612,6110.603014,1.547501,4.223347,20.401471,74.55549,86.162489,22.098612,0.486199,0.037912,0.582899,0.022099,22.098612,1.547501,1.44183,23.537104,40.881997,0.038534,0.6327,0.02438,82.253076,24.380214,-83.074102,1.581356,1.46E-14,9.33E-09,-3.084849,708.051393,1412.326859,577.812283,7.22E+15,,0.571107,1.154712,0.151805,1.144286,557.417384,20.401471,,,,,,,67.910291,0.209083,,8.020003,,,9.144504,0.254839,FALSE,FALSE,2,2,p-type,0.018,111.4,3899,35,1,25,1,Generalized,520,1.409377,0.264391,2,2.7,1000,3.984512,1.66E-30,Sinton,OFF,Center Point,3.00E+15,30,2.00E+15,4.00E+15,OFF,SunsVoc Rsh (Module),0.45,FALSE,Thermocouple,2,10,-0.05,12.0155,0.01,A,0,19-133095,FALSE,0,0,Full IV,POSTLAM STRING 60,5/3/2021 14:41,MultiFlash v1.50,IVTVAL1-20-0171-0908A.mfr,,,,FALSE,,0
112,3706,MO,VAL1,20-0171-0925B-4-4,5/3/2021,4.617761,25.199096,4.25823,20.426697,86.981581,74.749939,22.30869,2048.729574,0.459077,0.041452,0.719974,0.038225,0.58362,0.022309,22.30869,6520.813559,1.461178,4.25823,20.426697,74.749939,86.981581,22.30869,0.459077,0.038225,0.58362,0.022309,22.30869,1.461178,1.394377,23.697426,42.378432,0.038872,0.630382,0.024504,82.105425,24.503892,11.669652,1.524514,1.67E-14,8.82E-09,-2.171867,683.378392,1463.318144,545.74503,7.22E+15,,0.425865,1.152874,0.151269,1.159439,513.427648,20.426697,,,,,,,63.301525,0.11638,,7.826389,,,8.734234,0.236578,FALSE,FALSE,2,2,p-type,0.018,111.4,3899,35,1,25,1,Generalized,520,1.353177,0.264391,2,2.7,1000,2.657101,1.66E-30,Sinton,OFF,Center Point,3.00E+15,30,2.00E+15,4.00E+15,OFF,SunsVoc Rsh (Module),0.45,FALSE,Thermocouple,2,10,-0.05,12.0155,0.01,A,0,19-133095,FALSE,0,0,Full IV,POSTLAM STRING 64,5/3/2021 15:03,MultiFlash v1.50,IVTVAL1-20-0171-0908A.mfr,,,,FALSE,,0
113,3689,MO,VAL1,20-0171-0926A-5-4,5/3/2021,4.604397,25.157275,4.230654,20.386943,86.250111,74.460045,22.121085,2036.503688,0.479311,0.041332,0.718779,0.037977,0.582484,0.022121,22.121085,6481.90031,1.525578,4.230654,20.386943,74.460045,86.250111,22.121085,0.479311,0.037977,0.582484,0.022121,22.121085,1.525578,1.398285,23.219881,40.959105,0.03862,0.631271,0.02438,82.063587,24.379996,-51.340465,1.615337,1.49E-14,9.96E-09,-4.00503,663.579698,1506.977991,543.697898,7.22E+15,,0.638526,1.159332,0.150827,1.096737,527.008803,20.386943,,,,,,,65.353443,0.235887,,8.15274,,,9.04672,0.239043,FALSE,FALSE,2,2,p-type,0.018,111.4,3899,35,1,25,1,Generalized,520,1.352319,0.264391,2,2.7,1000,4.798081,1.66E-30,Sinton,OFF,Center Point,3.00E+15,30,2.00E+15,4.00E+15,OFF,SunsVoc Rsh (Module),0.45,FALSE,Thermocouple,2,10,-0.05,12.0155,0.01,A,0,19-133095,FALSE,0,0,Full IV,POSTLAM STRING 52,5/3/2021 13:40,MultiFlash v1.50,IVTVAL1-20-0171-0908A.mfr,,,,FALSE,,0
114,3690,MO,VAL1,20-0171-0926B-6-4,5/3/2021,4.617562,25.205428,4.26524,20.491617,87.401657,75.095321,22.416429,2251.448714,0.444283,0.04145,0.720155,0.038288,0.585475,0.022416,22.416429,7166.039621,1.41409,4.26524,20.491617,75.095321,87.401657,22.416429,0.444283,0.038288,0.585475,0.022416,22.416429,1.41409,1.36164,23.265592,42.30463,0.038807,0.632122,0.024531,82.179376,24.531064,23.090284,1.567013,1.51E-14,9.23E-09,-2.363265,712.771116,1402.974921,559.945572,7.22E+15,,0.424621,1.155432,0.152002,1.116619,524.994591,20.491617,,,,,,,63.609259,0.095991,,7.667964,,,8.464772,0.215334,FALSE,FALSE,2,2,p-type,0.018,111.4,3899,35,1,25,1,Generalized,520,1.323876,0.264391,2,2.7,1000,2.144222,1.66E-30,Sinton,OFF,Center Point,3.00E+15,30,2.00E+15,4.00E+15,OFF,SunsVoc Rsh (Module),0.45,FALSE,Thermocouple,2,10,-0.05,12.0155,0.01,A,0,19-133095,FALSE,0,0,Full IV,POSTLAM STRING 53,5/3/2021 13:43,MultiFlash v1.50,IVTVAL1-20-0171-0908A.mfr,,,,FALSE,,0
132,3714,MO,VAL1,20-0171-0931B-7-4,5/3/2021,4.667724,25.238163,4.273048,20.721885,88.545614,75.163004,22.709827,1627.91361,0.409254,0.041901,0.72109,0.038358,0.592054,0.02271,22.709827,5181.416461,1.302599,4.273048,20.721885,75.163004,88.545614,22.709827,0.409254,0.038358,0.592054,0.02271,22.709827,1.302599,1.196127,23.860361,43.802648,0.039113,0.631639,0.024706,81.768388,24.705584,12.995552,1.627962,1.34E-14,1.08E-08,-5.263375,636.220007,1571.783328,545.139809,7.22E+15,,0.743365,1.142771,0.151306,1.166433,441.635147,20.721885,,,,,,,68.940293,0.20187,,8.494928,,,7.782437,0.295719,FALSE,FALSE,2,2,p-type,0.018,111.4,3899,35,1,25,1,Generalized,520,1.184842,0.264391,2,2.7,1000,3.423262,1.66E-30,Sinton,OFF,Center Point,3.00E+15,30,2.00E+15,4.00E+15,OFF,SunsVoc Rsh (Module),0.45,FALSE,Thermocouple,2,10,-0.05,12.0155,0.01,A,0,19-133095,FALSE,0,0,Full IV,POSTLAM STRING 81,5/3/2021 16:01,MultiFlash v1.50,IVTVAL1-20-0171-0908A.mfr,,,,FALSE,,0
133,3715,MO,VAL1,20-0171-0932A-8-4,5/3/2021,4.598054,25.190047,4.234336,20.487844,86.752414,74.899424,22.249914,2051.012216,0.434798,0.041275,0.719716,0.03801,0.585367,0.02225,22.249914,6528.078882,1.383901,4.234336,20.487844,74.899424,86.752414,22.249914,0.434798,0.03801,0.585367,0.02225,22.249914,1.383901,1.272801,23.828165,42.331242,0.038586,0.629732,0.024299,81.795833,24.298588,99.56335,1.607309,1.52E-14,9.95E-09,-5.186784,624.834227,1600.424492,511.265495,7.22E+15,,0.748437,1.155645,0.152247,1.172522,486.687979,20.487844,,,,,,,60.162562,0.192117,,7.94588,,,8.24528,0.236769,FALSE,FALSE,2,2,p-type,0.018,111.4,3899,35,1,25,1,Generalized,520,1.229034,0.264391,2,2.7,1000,4.285348,1.66E-30,Sinton,OFF,Center Point,3.00E+15,30,2.00E+15,4.00E+15,OFF,SunsVoc Rsh (Module),0.45,FALSE,Thermocouple,2,10,-0.05,12.0155,0.01,A,0,19-133095,FALSE,0,0,Full IV,POSTLAM STRING 82,5/3/2021 16:06,MultiFlash v1.50,IVTVAL1-20-0171-0908A.mfr,,,,FALSE,,0
134,3716,MO,VAL1,20-0171-0932B-9-4,5/3/2021,4.657326,25.234339,4.158557,20.937226,87.068643,74.085491,22.331019,1790.799175,0.463191,0.041807,0.720981,0.03733,0.598206,0.022331,22.331019,5699.857945,1.474271,4.158557,20.937226,74.085491,87.068643,22.331019,0.463191,0.03733,0.598206,0.022331,22.331019,1.474271,1.32201,23.897324,42.264191,0.039098,0.632161,0.024716,81.998439,24.716158,11.102231,1.603999,1.51E-14,9.31E-09,-5.218511,653.749137,1529.638731,640.688078,7.22E+15,,0.762889,1.140533,0.152335,1.190869,479.079128,20.937226,,,,,,,99.178872,0.418849,,10.76736,,,8.424835,0.274131,FALSE,FALSE,2,2,p-type,0.018,111.4,3899,35,1,25,1,Generalized,520,1.277414,0.264391,2,2.7,1000,8.012852,1.66E-30,Sinton,OFF,Center Point,3.00E+15,30,2.00E+15,4.00E+15,OFF,SunsVoc Rsh (Module),0.45,FALSE,Thermocouple,2,10,-0.05,12.0155,0.01,A,0,19-133095,FALSE,0,0,Full IV,POSTLAM STRING 83,5/3/2021 16:09,MultiFlash v1.50,IVTVAL1-20-0171-0908A.mfr,,,,FALSE,,0
110,3703,MO,VAL1,20-0171-0924B-10-4,5/3/2021,4.61341,25.219222,4.269079,20.47787,87.421639,75.138962,22.421554,2349.384948,0.462434,0.041413,0.720549,0.038322,0.585082,0.022422,22.421554,7477.756663,1.471862,4.269079,20.47787,75.138962,87.421639,22.421554,0.462434,0.038322,0.585082,0.022422,22.421554,1.471862,1.429208,23.602859,40.716892,0.038821,0.634283,0.024623,82.517363,24.623277,30.115721,1.528516,1.50E-14,8.38E-09,-1.308655,776.875731,1287.207156,612.556959,7.22E+15,,0.22943,1.15239,0.152886,1.147685,546.951543,20.47787,,,,,,,67.727902,0.082427,,7.504363,,,8.792826,0.207147,FALSE,FALSE,2,2,p-type,0.018,111.4,3899,35,1,25,1,Generalized,520,1.401011,0.264391,2,2.7,1000,2.189286,1.66E-30,Sinton,OFF,Center Point,3.00E+15,30,2.00E+15,4.00E+15,OFF,SunsVoc Rsh (Module),0.45,FALSE,Thermocouple,2,10,-0.05,12.0155,0.01,A,0,19-133095,FALSE,0,0,Full IV,POSTLAM STRING 61,5/3/2021 14:44,MultiFlash v1.50,IVTVAL1-20-0171-0908A.mfr,,,,FALSE,,0
111,3705,MO,VAL1,20-0171-0925A-1-5,5/3/2021,4.580405,25.161089,4.172182,20.541304,85.702061,74.363177,21.980523,1904.215889,0.484484,0.041117,0.718888,0.037452,0.586894,0.021981,21.980523,6060.847145,1.542045,4.172182,20.541304,74.363177,85.702061,21.980523,0.484484,0.037452,0.586894,0.021981,21.980523,1.542045,1.432582,23.599026,40.836387,0.03851,0.630625,0.024285,82.161092,24.285458,57.797825,1.54971,1.51E-14,9.79E-09,-2.583697,682.417131,1465.379391,578.55588,7.22E+15,,0.48221,1.137595,0.152151,1.169884,514.429426,20.541304,,,,,,,75.212069,0.225535,,8.96073,,,8.95886,0.258684,FALSE,FALSE,2,2,p-type,0.018,111.4,3899,35,1,25,1,Generalized,520,1.400479,0.264391,2,2.7,1000,4.343743,1.66E-30,Sinton,OFF,Center Point,3.00E+15,30,2.00E+15,4.00E+15,OFF,SunsVoc Rsh (Module),0.45,FALSE,Thermocouple,2,10,-0.05,12.0155,0.01,A,0,19-133095,FALSE,0,0,Full IV,POSTLAM STRING 63,5/3/2021 14:48,MultiFlash v1.50,IVTVAL1-20-0171-0908A.mfr,,,,FALSE,,0
6,3506,JT,VAL1,20-0171-0903A-2-5,4/5/2021,4.602989,25.244012,4.179297,20.52057,85.761564,73.806457,21.995784,2444.76339,0.519437,0.041319,0.721257,0.037516,0.586302,0.021996,21.995784,7781.332617,1.653293,4.179297,20.52057,73.806457,85.761564,21.995784,0.519437,0.037516,0.586302,0.021996,21.995784,1.653293,1.507645,21.399531,40.069356,0.038763,0.632413,0.024514,82.257075,24.514236,14.28748,1.516096,1.58E-14,8.40E-09,-1.83412,729.398807,1370.992096,635.035521,7.22E+15,,0.350695,1.16472,0.149626,0.995123,562.066986,20.52057,,,,,,,84.800327,0.350674,,9.255355,,,9.566952,0.201644,FALSE,FALSE,2,2,p-type,0.018,111.4,3899,35,1,25,1,Generalized,520,1.4542,0.264391,2,2.7,1000,6.003725,1.66E-30,Sinton,OFF,Center Point,3.00E+15,30,2.00E+15,4.00E+15,OFF,SunsVoc Rsh (Module),0.45,FALSE,Thermocouple,2,10,-0.05,12.0155,0.01,A,0,19-133095,FALSE,0,0,Full IV,"POSTLAM 
",4/5/2021 12:37,MultiFlash v1.50,IVTVAL1-20-0171-0906A.mfr,,,,FALSE,,0
10,3507,JT,VAL1,20-0171-0903B-3-5,4/5/2021,4.598364,25.211637,4.245114,20.354222,86.405995,74.531442,22.161066,2300.989248,0.487062,0.041278,0.720332,0.038107,0.581549,0.022161,22.161066,7323.720064,1.550248,4.245114,20.354222,74.531442,86.405995,22.161066,0.487062,0.038107,0.581549,0.022161,22.161066,1.550248,1.474438,21.752786,40.613266,0.038701,0.632175,0.024466,82.281875,24.465568,11.515438,1.517122,1.61E-14,8.59E-09,-0.904794,741.081642,1349.378994,579.196934,7.22E+15,,0.113047,1.166306,0.151044,1.014882,549.614374,20.354222,,,,,,,65.800613,0.139416,,7.719385,,,9.221503,0.211911,FALSE,FALSE,2,2,p-type,0.018,111.4,3899,35,1,25,1,Generalized,520,1.414987,0.264391,2,2.7,1000,3.428391,1.66E-30,Sinton,OFF,Center Point,3.00E+15,30,2.00E+15,4.00E+15,OFF,SunsVoc Rsh (Module),0.45,FALSE,Thermocouple,2,10,-0.05,12.0155,0.01,A,0,19-133095,FALSE,0,0,Full IV,"POSTLAM - POST HIPOT
",4/5/2021 12:42,MultiFlash v1.50,IVTVAL1-20-0171-0906A.mfr,,,,FALSE,,0
14,3498,JT,VAL1,20-0171-0904A-4-5,4/5/2021,4.616172,25.196308,4.234708,20.541489,86.987218,74.788789,22.310135,1927.898362,0.474535,0.041438,0.719895,0.038014,0.5869,0.02231,22.310135,6136.225071,1.510378,4.234708,20.541489,74.788789,86.987218,22.310135,0.474535,0.038014,0.5869,0.02231,22.310135,1.510378,1.378353,20.773969,42.08343,0.038802,0.63348,0.02458,82.399127,24.580364,-32.491118,1.547713,1.56E-14,8.63E-09,-0.593329,772.017982,1295.306616,612.019418,7.22E+15,,0.046164,1.150741,0.150495,0.950821,498.332126,20.541489,,,,,,,74.39174,0.266889,,8.30599,,,8.91099,0.253396,FALSE,FALSE,2,2,p-type,0.018,111.4,3899,35,1,25,1,Generalized,520,1.337402,0.264391,2,2.7,1000,5.229552,1.66E-30,Sinton,OFF,Center Point,3.00E+15,30,2.00E+15,4.00E+15,OFF,SunsVoc Rsh (Module),0.45,FALSE,Thermocouple,2,10,-0.05,12.0155,0.01,A,0,19-133095,FALSE,0,0,Full IV,"POSTLAM 
",4/5/2021 11:07,MultiFlash v1.50,IVTVAL1-20-0171-0906A.mfr,,,,FALSE,,0
83,3515,JT,VAL1,20-0171-0911A-5-5,4/5/2021,4.575768,25.117869,4.233513,20.330039,86.067488,74.884577,22.074247,2224.833824,0.464733,0.041075,0.717653,0.038003,0.580858,0.022074,22.074247,7081.328227,1.479178,4.233513,20.330039,74.884577,86.067488,22.074247,0.464733,0.038003,0.580858,0.022074,22.074247,1.479178,1.403467,22.802383,42.117286,0.038483,0.630137,0.02425,82.263937,24.249512,502.55648,1.53854,1.72E-14,9.05E-09,0.048571,724.189821,1380.853433,525.445552,7.22E+15,,0.000322,1.168114,0.152352,0.953844,528.951595,20.330039,,,,,,,58.353242,0.125186,,7.520081,,,8.82365,0.219025,FALSE,FALSE,2,2,p-type,0.018,111.4,3899,35,1,25,1,Generalized,520,1.382542,0.264391,2,2.7,1000,2.065106,1.66E-30,Sinton,OFF,Center Point,3.00E+15,30,2.00E+15,4.00E+15,OFF,SunsVoc Rsh (Module),0.45,FALSE,Thermocouple,2,10,-0.05,12.0155,0.01,A,0,19-133095,FALSE,0,0,Full IV,POSTLAM,4/5/2021 15:34,MultiFlash v1.50,IVTVAL1-20-0171-0903B.mfr,,,,FALSE,,0
84,3516,JT,VAL1,20-0171-0911B-6-5,4/5/2021,4.658022,25.177743,4.295537,20.285772,87.138278,74.300308,22.348879,2134.396595,0.498656,0.041813,0.719364,0.03856,0.579593,0.022349,22.348879,6793.479447,1.587152,4.295537,20.285772,74.300308,87.138278,22.348879,0.498656,0.03856,0.579593,0.022349,22.348879,1.587152,1.474817,22.772867,42.025272,0.039207,0.631732,0.024769,82.344936,24.768632,119.02738,1.528214,1.66E-14,8.73E-09,-0.757148,730.783266,1368.394771,567.377496,7.22E+15,,0.060793,1.163795,0.152173,0.9449,555.396353,20.285772,,,,,,,66.174488,0.20743,,7.826731,,,9.550647,0.225585,FALSE,FALSE,2,2,p-type,0.018,111.4,3899,35,1,25,1,Generalized,520,1.446694,0.264391,2,2.7,1000,3.374551,1.66E-30,Sinton,OFF,Center Point,3.00E+15,30,2.00E+15,4.00E+15,OFF,SunsVoc Rsh (Module),0.45,FALSE,Thermocouple,2,10,-0.05,12.0155,0.01,A,0,19-133095,FALSE,0,0,Full IV,POSTLAM,4/5/2021 15:39,MultiFlash v1.50,IVTVAL1-20-0171-0903B.mfr,,,,FALSE,,0
85,3513,JT,VAL1,20-0171-0912A-7-5,4/5/2021,4.563053,25.223371,4.212278,20.499262,86.348591,75.023373,22.146343,2165.842078,0.44795,0.040961,0.720668,0.037812,0.585693,0.022146,22.146343,6893.565928,1.425761,4.212278,20.499262,75.023373,86.348591,22.146343,0.44795,0.037812,0.585693,0.022146,22.146343,1.425761,1.324174,23.339875,43.627905,0.038321,0.632182,0.024226,82.067955,24.225851,18.57928,1.573015,1.48E-14,9.23E-09,-2.322194,719.605154,1389.65097,562.211741,7.22E+15,,0.411048,1.166583,0.152548,0.998605,504.293888,20.499262,,,,,,,63.5824,0.185873,,7.72479,,,8.428828,0.226515,FALSE,FALSE,2,2,p-type,0.018,111.4,3899,35,1,25,1,Generalized,520,1.298968,0.264391,2,2.7,1000,3.265938,1.66E-30,Sinton,OFF,Center Point,3.00E+15,30,2.00E+15,4.00E+15,OFF,SunsVoc Rsh (Module),0.45,FALSE,Thermocouple,2,10,-0.05,12.0155,0.01,A,0,19-133095,FALSE,0,0,Full IV,POSTLAM,4/5/2021 15:25,MultiFlash v1.50,IVTVAL1-20-0171-0903B.mfr,,,,FALSE,,0
86,3514,JT,VAL1,20-0171-0912B-8-5,4/5/2021,4.618632,25.205958,4.282323,20.58707,88.160477,75.728156,22.611048,2337.211275,0.414792,0.04146,0.72017,0.038441,0.588202,0.022611,22.611048,7439.009602,1.320223,4.282323,20.58707,75.728156,88.160477,22.611048,0.414792,0.038441,0.588202,0.022611,22.611048,1.320223,1.286618,23.109221,43.530081,0.038845,0.633056,0.024591,82.358832,24.590848,43.792234,1.544895,1.56E-14,8.69E-09,-0.796441,763.667992,1309.469574,572.663595,7.22E+15,,0.086732,1.162355,0.152771,0.989964,473.232803,20.58707,,,,,,,62.199479,0.057141,,7.318219,,,7.942784,0.207169,FALSE,FALSE,2,2,p-type,0.018,111.4,3899,35,1,25,1,Generalized,520,1.272734,0.264391,2,2.7,1000,0.714261,1.66E-30,Sinton,OFF,Center Point,3.00E+15,30,2.00E+15,4.00E+15,OFF,SunsVoc Rsh (Module),0.45,FALSE,Thermocouple,2,10,-0.05,12.0155,0.01,A,0,19-133095,FALSE,0,0,Full IV,POSTLAM,4/5/2021 15:28,MultiFlash v1.50,IVTVAL1-20-0171-0903B.mfr,,,,FALSE,,0
88,3512,JT,VAL1,20-0171-0913B-9-5,4/5/2021,4.622041,25.293216,4.270312,20.550882,87.758679,75.067554,22.507997,2099.13933,0.455252,0.04149,0.722663,0.038333,0.587168,0.022508,22.507997,6681.26061,1.449003,4.270312,20.550882,75.067554,87.758679,22.507997,0.455252,0.038333,0.587168,0.022508,22.507997,1.449003,1.350048,23.366281,42.131334,0.038846,0.635265,0.024678,82.303772,24.677679,18.108271,1.562634,1.38E-14,8.54E-09,-3.465477,744.721694,1342.783496,626.880184,7.22E+15,,0.64757,1.163845,0.152086,1.003244,517.416825,20.550882,,,,,,,70.551579,0.199431,,7.648274,,,8.642247,0.231852,FALSE,FALSE,2,2,p-type,0.018,111.4,3899,35,1,25,1,Generalized,520,1.341437,0.264391,2,2.7,1000,2.586071,1.66E-30,Sinton,OFF,Center Point,3.00E+15,30,2.00E+15,4.00E+15,OFF,SunsVoc Rsh (Module),0.45,FALSE,Thermocouple,2,10,-0.05,12.0155,0.01,A,0,19-133095,FALSE,0,0,Full IV,POSTLAM,4/5/2021 15:17,MultiFlash v1.50,IVTVAL1-20-0171-0903B.mfr,,,,FALSE,,0
89,3519,JT,VAL1,20-0171-0914A-10-5,4/5/2021,4.576032,25.221769,4.219336,20.475188,86.391701,74.852697,22.1574,2462.864491,0.472525,0.041077,0.720622,0.037876,0.585005,0.022157,22.1574,7838.945836,1.50398,4.219336,20.475188,74.852697,86.391701,22.1574,0.472525,0.037876,0.585005,0.022157,22.1574,1.50398,1.388667,23.392387,42.334253,0.038462,0.633522,0.024366,82.315171,24.366392,-660.489097,1.557296,1.47E-14,8.82E-09,-2.574131,738.215957,1354.617156,601.841157,7.22E+15,,0.446956,1.166526,0.151668,0.997574,527.0089,20.475188,,,,,,,68.82763,0.227214,,7.834968,,,8.873333,0.199367,FALSE,FALSE,2,2,p-type,0.018,111.4,3899,35,1,25,1,Generalized,520,1.365818,0.264391,2,2.7,1000,3.515194,1.66E-30,Sinton,OFF,Center Point,3.00E+15,30,2.00E+15,4.00E+15,OFF,SunsVoc Rsh (Module),0.45,FALSE,Thermocouple,2,10,-0.05,12.0155,0.01,A,0,19-133095,FALSE,0,0,Full IV,POSTLAM,4/5/2021 16:20,MultiFlash v1.50,IVTVAL1-20-0171-0911B.mfr,,,,FALSE,,0
